{
	"__info": "
	The two different pyCommands are the commands to run a Python file on that OS. Change them if you have a reason to.
	
	lastFile will be used in the future so that the app can open on the last edited file.
	
	tabSize is exactly what it sounds like.
	
	For even more customization, you can download the program's source code if you want.
	",
	
	"pyCommandWin": "py -3",
	"pyCommandUnix": "python3",

	"lastFile": "",
	
	"tabSize" : 4,
	
	"useSysLookAndFeel": "true"
}
